name	value
A	0.41000000000000014
B	0.1900000000000004
C	0.1800000000000006
D	0.33999999999999986
E	0.23000000000000043
